conceptSynonym,conceptName
수액세트(K&P-02),Intravenous injection sets (K&P - 02)
수혈세트(K&P-01),blood transfusion sets (K&P - 01)
수액펌프용 수액세트,Intravenous injection pump sets
약물비흡착 NON-PVC 폴리올레핀 필터(ONE WAY VALVE 포함),Drug-non-absorbent NON-PVC Polyolefin filter (including ONE WAY VALVE)
슈프라미드 봉합사 (SUPRAMID SUTURE),Supramid (SUPRAMID SUTURE)
SURGISORB(각침),SURGISORB (triangular needle)
치질결찰기,haemorrhoid ligators
모노픽스(MONOFIX) PGCL,Monofix (MONOFIX) PGCL
모노픽스(MONOFIX) PDO,Monofix (MONOFIX) PDO
주입형 세라믹 골이식재,Injection-type ceramic bone substitute materials for alveolar bone grafting 
"APACERAM B-50,157,251(추궁성형술용)","APACERAM B-50,157,251(Laminoplasty)"
"HALF SCREW, CORTICAL (SELF, MINI SELF포함)","HALF SCREW, CORTICAL (including SELF, MINI SELF)"
LIGASTIC(슬관절용),LIGASTIC (knee joint)
LIGASTIC(견관절용),LIGASTIC (shoulder joint)
PROXIMAL FEMORAL NAIL ANTIROTATION SET (PFNA BLADE포함),PROXIMAL FEMORAL NAIL ANTIROTATION SET (including PFNA BLADE)
T2 CONDYLE SCREW(NUT포함),T2 CONDYLE SCREW (including NUT)
SPIRAL BLADE FOR PHN (END CAP 포함),SPIRAL BLADE FOR PHN (including END CAP)
SPIRAL BLADE FOR UHN (END CAP 포함),SPIRAL BLADE FOR UHN (including END CAP)
SPIRAL BLADE FOR DFN (END CAP 포함),SPIRAL BLADE FOR DFN (including END CAP)
SPIRAL BLADE FOR EXPERT HAN(END CAP 포함),SPIRAL BLADE FOR EXPERT HAN (including END CAP)
LOCKING ATTACHMENT PLATE (CONNECTION SCREW 포함),LOCKING ATTACHMENT PLATE (including CONNECTION SCREW)
RIBFIX BLU PLATE(STRAIGHT & CURVED 포함),RIBFIX BLU PLATE (including STRAIGHT & CURVED)
HOPPER SMALL 일반 PLATE,General HOPPER SMALL PLATE
SMALL LOCKING 일반 PLATE,General SMALL LOCKING PLATE
SMALL 일반 PLATE,General SMALL PLATE
DARCO LOCKING BONE PLATE-STEP OFF형(DPS),DARCO LOCKING BONE PLATE-STEP OFF type (DPS)
DARCO LOCKING BONE PLATE-WEDGE형(PIA),DARCO LOCKING BONE PLATE WEDGE-type (PIA)
"DARCO LOCKING BONE PLATE-STEP OFF형(LPS, TOM))","DARCO LOCKING BONE PLATE-STEP OFF type (LPS, TOM))"
"DARCO LOCKING BONE PLATE-H형(RPS, AFP, UPS)","DARCO LOCKING BONE PLATE-H type (RPS, AFP, UPS)"
DARCO LOCKING BONE PLATE-WEDGE형(BOW),DARCO LOCKING BONE PLATE WEDGE-type (BOW)
EAGLE SMALL LOCKING CLAVICLE PLATE/ HOOK 포함,EAGLE SMALL LOCKING CLAVICLE PLATE/ including HOOK
VARIAX ANATOMICAL LOCKING CLAVICLE HOOK PLATE(HOOK포함),VARIAX ANATOMICAL LOCKING CLAVICLE HOOK PLATE (including HOOK)
MINI LOCKING 일반 PLATE,General MINI LOCKING PLATE
SIS CORTICAL LOCKING SCREW-3.5MM 미만,SIS CORTICAL LOCKING SCREW-3.5MM under
NCB STANDARD SCREW (LOCKING CAP포함),NCB STANDARD SCREW (including LOCKING CAP)
NCB PERIPROSTHETIC SCREW(LOCKING CAP포함),NCB PERIPROSTHETIC SCREW (including LOCKING CAP)
NCB CANCELLOUS SCREW (LOCKING CAP포함),NCB CANCELLOUS SCREW (including LOCKING CAP)
골절합용나사,Bone screw
NCB CANNULATED SCREW (LOCKING CAP포함),NCB CANNULATED SCREW (including LOCKING CAP)
CANNULATED SCREW(멸균),CANNULATED SCREW (sterile)
CANNULATED SCREW(비멸균),CANNULATED SCREW (non-sterile)
MINI PLATE (기타 TYPE),MINI PLATE (Other TYPE)
STERILE NEURO KIT-STRAIGHT TYPE 6H이하,STERILE NEURO-KIT STRAIGHT TYPE 6H below
MICRO PLATE (기타 TYPE),MICRO PLATE (Other TYPE)
티앤알메쉬 (SQUARE TYPE),TnR Mesh (SQUARE TYPE)
티앤알 나잘 메쉬,TnR Nasal?Mesh
티앤알메쉬 (ORBITAL TYPE),TnR Mesh (ORBITAL TYPE)
티앤알메쉬 플러스 (SQUARE TYPE),TnR Mesh plus+ (SQUARE TYPE)
티앤알메쉬 플러스 (ORBITAL TYPE),TnR Mesh plus+ (ORBITAL TYPE)
티앤알 플러그,TnR Plug
티앤알 플러그 플러스,TnR Plug plus+
"LOCKING SCREW,CROSS PIN(EMERGENCY SCREW포함)","LOCKING SCREW, CROSS PIN (including EMERGENCY SCREW)"
흡수성 RECON SCREW,Absorbent RECON SCREW
HJ시멘트혼합주입기,HJ cement vacuum mixing injector
기능성 WASHER,Functional WASHER
ACCOLADE C FEMORAL STEM (DISTAL SPACER 포함),ACCOLADE C FEMORAL STEM (including DISTAL SPACER)
DELTA MOTION HEAD(SLEEVE포함),DELTA MOTION HEAD (including SLEEVE)
MAXERA CUP(LINER포함),MAXERA CUP (including LINER)
DELTA MOTION CUP(LINER포함),DELTA MOTION CUP (including LINER)
"HANKILTECH, CABLE BONE PLATE(SLEEVE포함)","HANKILTECH, CABLE BONE PLATE (including SLEEVE)"
"HANKILTECH, LONG GRIP PLATE (SLEEVE 5개포함)","HANKILTECH, LONG GRIP PLATE (including 5 SLEEVE)"
"HANKILTECH, SHORT GRIP PLATE (SLEEVE 3개포함)","HANKILTECH, SHORT GRIP PLATE (with three SLEEVE)"
NEXGEN RHK FEMORAL COMPONENT (FEMORAL HINGE SERVICE KIT 포함),NEXGEN RHK FEMORAL COMPONENT (including FEMORAL HINGE SERVICE KIT)
U2 PSA REVISION KNEE STEM (OFFSET STEM ADAPTER 포함),U2 PSA REVISION KNEE STEM (including OFFSET STEM ADAPTER)
LEGION CEMENTED STEM(OFFSET COUPLER포함),LEGION CEMENTED STEM (including OFFSET COUPLER)
LEGION PRESS-FIT(STRAIGHT/BOWED) STEM(OFFSET COUPLER포함),LEGION PRESS-FIT (STRAIGHT / BOWED) STEM (including OFFSET COUPLER)
LEGION SHORT STEM EXTENSION(OFFSET COUPLER포함),LEGION SHORT STEM EXTENSION (including OFFSET COUPLER)
NEXGEN LPS-FLEX TAPER STEM PLUG (LOCKING SCREW포함),NEXGEN LPS-FLEX TAPER STEM PLUG (including LOCKING SCREW)
바클레이(BARCLAY),BARCLAY
의료용시멘트혼합기,"Mixer, orthopaedic cement"
FORS-III 흉요추용 ROD,FORS-III thoracolumbar ROD
"VICEROY SCREW

(MIS 포함)",VICEROY SCREW (including MIS)
FORS-III 흉요추용 SCREW SET,FORS-III thoracolumbar SCREW SET
EOS SPINE SYSTEM 횡고정 SET,EOS SPINE SYSTEM Cross Pin SET
MOUNTAINEER OCT SPINAL SYSTEM-OC PLATE(OC LATERAL WASHER 포함),MOUNTAINEER OCT SPINAL SYSTEM-OC PLATE (including OC LATERAL WASHER)
ACE EDEN PEEK CAGE(요추용),ACE EDEN PEEK CAGE (for lumbar)
BIO EDEN PEEK CAGE (요추용),BIO EDEN PEEK CAGE (for lumbar)
ACE EDEN PEEK CAGE III (요추용),ACE EDEN PEEK CAGE III (for lumbar)
ACE EDEN PEEK CAGE II(요추용),ACE EDEN PEEK CAGE II (for lumbar)
BIO EDEN PEEK CAGE III(요추용),BIO EDEN PEEK CAGE III (for lumbar)
ACE EDEN PEEK CAGE IV(요추용),ACE EDEN PEEK CAGE IV (for lumbar)
BIO EDEN PEEK CAGE I (요추용),BIO EDEN PEEK CAGE I (for lumbar)
BIO EDEN PEEK CAGE IV (요추용),BIO EDEN PEEK CAGE IV (for lumbar)
ACE EDEN PEEK CAGE III (경추용),ACE EDEN PEEK CAGE III (for vertebrae cervicales)
ACE EDEN PEEK CAGE(경추용),ACE EDEN PEEK CAGE (for vertebrae cervicales)
BIO EDEN PEEK CAGE (경추용),BIO EDEN PEEK CAGE (for vertebrae cervicales)
ACE EDEN PEEK CAGE II(경추용),ACE EDEN PEEK CAGE II (for vertebrae cervicales)
BIO EDEN PEEK CAGE III(경추용),BIO EDEN PEEK CAGE III (for vertebrae cervicales)
ACE EDEN PEEK CAGE IV(경추용),ACE EDEN PEEK CAGE IV (for vertebrae cervicales)
BIO EDEN PEEK CAGE I (경추용),BIO EDEN PEEK CAGE I (for vertebrae cervicales)
BIO EDEN PEEK CAGE IV (경추용),BIO EDEN PEEK CAGE IV (for vertebrae cervicales)
ENSPIRE DISCECTOMY SYSTEM(경피적),ENSPIRE DISCECTOMY SYSTEM (percutaneous)
KYPHON BONE FILLER DEVICE(F04B)(INTRODUCER TOOL KIT포함),KYPHON BONE DEVICE FILLER (F04B) (including INTRODUCER TOOL KIT)
풍선카테타,Balloon catheter
TID_BAR (ABOVE & BELOW 포함),TID_BAR (including ABOVE & BELOW)
ACTIVA RC IMPLANTABLE NEUROSTIMULATOR (RECHARGER 포함),ACTIVA RC IMPLANTABLE NEUROSTIMULATOR (including RECHARGER)
"누액,누도 실리콘 튜브","lacrimal, lacrimal passage silicone tube"
누액누도실리콘튜브,"lacrimal, lacrimal passage silicone tube"
수동식일회용의료용천자기,"Puncture instrument, surgical, manually-operated, single use"
수동식일회용의료용천공기,"Trephine instrument, manually-operated, single-use"
수정체낭안정링:CTR,Tension ring:CTR(Capsular Tension Ring)
전동식의료용흡인기(YWC2523G),"Suction system, general-purpose, line-powered (YWC2523G)"
전동식의료용흡인기(YWC5023G),"Suction system, general-purpose, line-powered (YWC5023G)"
광섬유카테터,"Oximeter catheter, fibreoptic"
루시드I.O.L(LKA),Lucid I.O.L(Intraocular lens) (LKA)
인공수정체(677AB),Intraocular lens (677AB)
인공수정체(CT ASPHINA 409M),Intraocular lens (CT ASPHINA 409M)
인공수정체(NS-60YG 외),Intraocular lens (NS-60YG  et al. )
인공수정체(CT ASPHINA 509M),Intraocular lens (CT ASPHINA 509M)
인공수정체,Intraocular lens
HYDROXYAPATITE 인조이소골,?Hydroxyappatite Ossiculoplasty Prosthesis
화인셀비용거즈,Fine-cell costs gauze
멀티셀비용거즈,Multi-cell costs gauze
SONATATI100 (내부장치),SONATATI100 (internal device)
OPUS 2 SPEECH PROCESSOR(외부장치),OPUS 2 SPEECH PROCESSOR (external device)
장관감압용 튜브,"Tube, intestinal decompression"
단기사용위장급식용튜브,Enteral Feeding Tube
미드밴드,MID band
헤파비드,HEPA Beads
EG-GEL(이지겔),EG-GEL (EG GEL)
칼리겔(CALI-GEL),Cali-Gel (CALI-GEL)
혈관조영용카테터,"Catheter, intravascular, angiography"
경피카테터(E),"Catheter, percutaneous (E)"
정성경피카테터,"Catheter, JSM percutaneous"
단기사용담관용튜브·카테터,"Catheter, bileduct, short-term use"
태아션트,foetus shunt
NEPHROMAX NEPHROSTOMY BALLOON DILATATION CATHETER(SHEATH포함),NEPHROMAX NEPHROSTOMY BALLOON DILATATION CATHETER(including SHEATH)
담관결석제거용풍선카테터,Balloon catheter for removing choledocholithiasis
BIOTRANS 침습적 혈압측정용 PRESSURE MONITORING KIT,BIOTRANS Invasive-blood pressure measurement PRESSURE MONITORING KIT
의약품 주입펌프(NEOFUSER PLUS),Infusion pump (NEOFUSER PLUS)
비이식형혈관접속용기구-RHV,"Catheterization kit, haemodialysis"
FLEXOR CHECK FLO INTRODUCER SET-MICRO PUNCTURE RADIAL ARTERY ACCESS(HAIR WIRE포함),FLEXOR CHECK FLO INTRODUCER SET-MICRO PUNCTURE RADIAL ARTERY ACCESS (including HAIR WIRE)
RAAGW INTRODUCER SET-MICRO PUNCTURE RADIAL ARTERY ACCESS(HAIR WIRE 포함),RAAGW INTRODUCER SET-MICRO PUNCTURE RADIAL ARTERY ACCESS (including HAIR WIRE)
PERFORMER CHECK-FLO INTRODUCER SET-MICROPUNCTURE RADIAL ARTERY ACCESS(HAIR WIRE 포함),PERFORMER CHECK-FLO INTRODUCER SET-MICROPUNCTURE RADIAL ARTERY ACCESS (including HAIR WIRE)
3S-PERCUTANEOUS ACCESS KIT(HAIR WIRE포함),3S-PERCUTANEOUS ACCESS KIT (including HAIR WIRE)
INTRODUCER SET 3P(HAIR WIRE 포함),INTRODUCER SET 3P (including HAIR WIRE)
MINI-STICK COAXIAL DILATOR SET (HAIR WIRE포함),MINI-STICK COAXIAL DILATOR SET (including HAIR WIRE)
3S-MICRO INTRODUCER KIT(HAIR WIRE포함),3S-INTRODUCER MICRO KIT (including HAIR WIRE)
MAS-MICRO SHEATH SET(HAIR WIRE 포함),MAS-MICRO SHEATH SET (including HAIR WIRE)
RADIOMATE ACCESS KIT(HAIR WIRE포함),RADIOMATE ACCESS KIT (including HAIR WIRE)
BROCKENBROUGH NEEDLE(멸균),BROCKENBROUGH NEEDLE (sterile)
재사용가능내시경결석적출기,"Endoscopic Iithotomy, resectoscope, reusable"
담관용스텐트,Biliary stent
요관확장술용GUIDE WIRE,Ureteral Dilatation GUIDE WIRE
장관카테터안내선,"Catheter guidewire, enteral"
일회용심전도전극,"Electrode, electrocardiograph, single-use"
ELECTRODE(체외형의료용전극),"ELECTRODE (Electrode, external)"
유로 심장충격기 패치,Euro External Defibillator patch
체외형의료용전극,"Electrode, external"
민드레이 심장충격기 패치(베네하트시리즈),Mindray External Defibillator patch (Bene Hearts series)
체외형의료용전극(M3713A 외),"Electrode, external (M3713A et al.)"
유로 심장충격기 패치(UNIVERSAL),Euro External Defibillator patch (UNIVERSAL)
필립스 심장충격기 패치(하트스타트(H5) MRX/FR2/FR/4000/3000),Philips External Defibillator patch (Heart Start(H5) MRX/FR2/FR/4000/3000)
유로 심장충격기 패치(RADIOTRANSPARENT),Euro  External Defibillator patch (RADIOTRANSPARENT)
ZOLL 심장충격기 패치(PEDI-PADZ),ZOLL  External Defibillator patch (PEDI-PADZ)
유로 심장충격기 패치(필립스 하트스타트(H5) MRX/FR2/FR/4000/3000),Euro External Defibillator patch (Philips Hearts start(H5) MRX/FR2/FR/4000/3000)
ZOLL 심장충격기 패치(STAT-PADZ),ZOLL  External Defibillator patch (STAT-PADZ)
유로 심장충격기 패치(ZOLL X시리즈/M시리즈/R시리즈),Euro External Defibillator patch (ZOLL X Series / M Series / R Series)
유로 심장충격기 패치(CORPULS 3),Euro External Defibillator patch (CORPULS 3)
유로 심장충격기 패치(메디아나 AED하트온시리즈),Euro External Defibillator patch (AED Ana Medina hearts series)
유로 심장충격기 패치(씨유메디칼 파라메딕스 시리즈),Euro External Defibillator patch (CU Medical paramedics series)
유로 심장충격기 패치(쉴러 프레드시리즈),Euro External Defibillator patch (Schiller Fred series)
BCM ELECTRODE 성인용,BCM ELECTRODE adults
BCM ELECTRODE 소아용,BCM ELECTRODE Childhood
신생아용심전도전극,"Electrocardiograph electrode, neonatal"
신생아용 심전도 전극,"Electrocardiograph electrode, neonatal"
근전계전극,"Electrode, electrocardiograph, internal"
파형변이지수측정법 센서(PCI),Pleth?Change?Index (PCI) sensor
파형변이지수측정법 센서,Pleth?Change?Index (PCI) sensor
비침습적메트/일산화탄소헤모글로빈측정검사/파형변이지수 측정법 센서,Non-invasive measurement of SpHb/SpMet/SpCO/Pleth?Change?Index (PCI) sensor
맘모필름,"Navimro film (X-ray film, medical screen)"
레이저필름,Laser Film
C-T 필름,C-T film
방사선필름,radioactive rays film
파노라마 필름,Panorama film
파노라마필름,Panorama film
파노라마 필름(CSH),Panorama film (CSH)
표준필름,Standard film
표준필름(CSH),Standard film (CSH)
소아용 필름,Childhood film
DENTIX 소아용 필름,DENTIX Childhood film
소아용 필름(CSH),Childhood film (CSH)
교합용 필름,Occlusal film
교합용 필름(CSH),Occlusal film (CSH)
TMJ 필름 (TMG-1),TMG film (TMG-1)
폴라로이드 필름,Polaroid Film
슬라이드 필름,Color reversal film
흑백필름,Monochrome film
슬라이드필름 현상료,Color reversal film deveolpment cost
흑백필름현상인화료,Monochrome film print cost
흑백 PAPER,balck-and-white PAPER
트로카 카테터,Trocar catheter
일회용유린백,Single-use urine bag
명성 URINE BAG,Myeongseong URINE BAG
일회용소변유량·용적측정장치,"Urine flowmeter, single-use"
명성유린메타,Myeongseong Urin meter
소아용 유린백,Childhood Urin bag
호흡보조기마스크,Respiratory assistance mask
일회용 네블라이저 마스크,Disposable Nebulizer mask
에어로졸마스크,Aerosol mask
개방형 고유량 통합 산소마스크 (OXYMASK),Open High Flow Integrated Oxygen Mask (OXYMASK)
"OMNIOX 호흡회로(가온,가습용)",Breathing Circuits (for warming and moistening)
OMNIOX 호흡회로(가온 가습용),Breathing Circuits (for warming and moistening)
가온가습용 회로,Heated Circuit
호흡기용마스크 ETCO2 MASK,Oxygen mask ETCO2 MASK
산소투여용튜브카테터/ETCO2 CANNULA,Oxygen Connection Tube / ETCO2 CANNULA
질경,vaginal speculum
1회용 질경(DISPOSABLE VAGINAL SPECULUM),Disposable Vaginal speculum
수동식자궁경부확장기,"Dilator, cervical, manually-operated"
일회용 질경검사기,Disposable Vaginal speculum test kit
퀸스펙(QUEEN-SPEC),Queen-Spec (Disposable Vaginal Speculum)
일회용 질경,Disposable Vaginal speculum
수성거즈에스3호,SooSung Gauze-S No.3
동서위생재료공업사거즈 3호,DongseoHygieneMaterial Co. Ltd-Gauze No.3
수성거즈에스2호,SooSung Gauze-S No.2
한스거즈3호,Hans Gauze No.3
수성거즈에이3호,SooSung Gauze-A No.3
태명가아제3호,TaeMyoung Gauze No.3
태명가아제,TaeMyoung Gauze
성십자 거즈3호,Sungsipja Gauze No.3
대한가아제3호,Daehan Gauze No.3
대한거즈에이,Daehan Gauze-A
대한위재거즈-에스,Daehan wejae Gauze-S
대한멸균거즈에이,Daehan Gauze-S (Sterile)
화상거즈,Burn Gauze
영우거즈3호,Youngwoo Gauze No.3
두원가아제(3호),Doowon Gauze No.3
성심가아제3호,Sungsipja Gauze No.3
수성부직포,Soosung medical non-woven fabric
제이케이 거즈3호,JK Gauze No.3
제이케이위재 거즈3호,JK wejae Gauze No.3
제이케이위재거즈3호,JK wejae Gauze No.3
장성거즈3호,Jascor Gauze No.3
한강거즈3호,Hangang Gauze No.3
큐앤큐가아제3호,QnQ Gauze No.3
효성거즈3호,Hyosung Gauze No.3
킹파메디칼거즈3호 절단거즈,Kingphar medical Gauze Cutting Gauze
킹파메디칼거즈3호 스왑거즈,Kingphar medical Gauze Swap Gauze
킹파거즈에스,Kingphar Gauze-S
킴스거즈,Kims Gauze
킴스롤거즈,Kims rollers Gauze
킴스절단거즈,Kims Cutting Gauze
디케이(DK)거즈3호,DK Gauze No.3
협성거즈,Hyupsung Gauze
협성거즈M,Hyupsung Gauze M
거즈3호,Gauze No.3
화이트멸균거즈,White Sterile Gauze
화이트거즈,White Gauze
한스거즈 3호,Hans Gauze No.3
광주거즈3호,Gwangju Gauze
문정거즈3호,Munjeong Gauze No.3
한백거즈3호,Hanback Gauze No.3
금광거즈3호,Gumgwang Gauze No.3
메디탑거즈,Meditop Gauze
수성 거즈-엔,SooSung Gauze-N
한울거즈3호,Hanul Gauze No.3
케이비웰거즈(3호),KBWell Gauze
비엠케이거즈(3호),BMK Gauze
승원거즈,Seungwon Gauze
메딕거즈(3호),Medic Gauze No.3
헤리드레싱,Heli Dressing non-woven fabric
씨큐어덤필름드레싱,Securederm Film Dressing
에이덤,Aiderm
에이덤 아이브이 반창고,Aiderm IV Band-Aid
에이덤씨브이씨드레싱,Aiderm CVC Dressing
에드플렉스 반창고 에이,Adhesive plaster Band-aid-A 
큐앤큐올인원메딕스패드,QnQ All-in-one medic pad
레노패드,Reno pad
레노패드프리미엄플러스,Reno pad premium plus+
레노패드프리미엄,Reno pad premium
웰픽스반창고,WelFix Band-Aid
웰픽스플러스에이반창고,WelFix plus+ A Band-Aid
의료용 가아드,Aegis mouthpiece
하이퍼플렉스,HyperFlex
협성써지넷,Hyupsung surginet
라온써지넷,Raon surginet
붕대,bandage
대한가아제붕대3호,Daehan gauze bandage
킹파메디칼붕대(3호),Kingphar medical bandage
대한위재거즈붕대,Daehan wejae gauze bandage
수성붕대에스3호,SooSung bandage-S No.3
제이케이 붕대3호,JK bandage-S No.3
수성 붕대-엔,SooSung bandage-N
승원거즈붕대,Seungwon gauze bandage
킴스거즈붕대,Kims gauze bandage
동서3호붕대,Dongseo bandage No.3
탄력붕대,Elastic bandage (EB)
득진탄력붕대,Deukjin Elastic bandage (EB)
대한탄력붕대,Daehan Elastic bandage (EB)
동아멸균탄력붕대,Donga Elastic bandage(EB) (sterile)
큐앤큐탄력붕대,QnQ Elastic bandage (EB)
효성탄력붕대,Hyosung Elastic bandage (EB)
수성위재탄력붕대,SooSung wejae Elastic bandage (EB)
메디아이탄력붕대,Medi-I Elastic bandage (EB)
써지칼탄력붕대,Surgical Elastic bandage (EB)
두원탄력붕대,Doowon Elastic bandage (EB)
협성탄력붕대,Hyupsung Elastic bandage (EB)
대웅탄력붕대,Daewoong Elastic bandage (EB)
바투탄력붕대,Vatu Elastic bandage (EB)
메디탑멸균탄력붕대에이,Meditop Flexible bandage (FB-A (sterile)
메디탑탄력붕대,Meditop Elastic bandage (EB)
효은면탄력붕대,Hyoeun cotton Elastic bandage (EB) 
동아고무탄력붕대,Donga Elastic bandage (EB) rubber
DK 탄력붕대,DK Elastic bandage (EB)
금광면탄력붕대,Gumgwang cotton Elastic bandage (EB) 
금광탄력붕대,Gumgwang Elastic bandage (EB)
KM탄력붕대,KM Flexible bandage (FB)
메딕탄력붕대,Medic Elastic bandage (EB)
휴메딕탄력붕대,Humedics Elastic bandage (EB)
네모아탄력붕대,Naemoa Elastic bandage (EB)
한스탄력붕대,Hans Elastic bandage (EB)
성진면고무탄력붕대,Seongjin cotton Elastic bandage (EB) rubber
수강탄력붕대,Soogang Elastic bandage (EB)
승원탄력붕대,Seungwon Elastic bandage (EB)
킴스탄력붕대,Kims Elastic bandage (EB)
도원탄력붕대,Dowon Elastic bandage (EB)
영우탄력붕대,Youngwoo Elastic bandage (EB)
라온멸균탄력붕대,Raon Elastic bandage (EB) (sterile)
수성 포비스 밴드 S,SooSung Povis band S
문정탄력붕대(MJEB),Munjeong Elastic bandage (MJEB)
한백탄력붕대,Hanback Elastic bandage (EB)
"BMK-탄력밴드 6""","BMK-Elastic band 6"""
동서탄력붕대,Dongseo Elastic bandage (EB)
뉴태명 탄력붕대,New TaeMyoung Elastic bandage (EB)
성십자멸균탄력붕대,Sungsipja Elastic bandage(EB) (sterile)
대한위재탄력붕대-에이,Daehan wejae Elastic bandage (EB)-A
국제실업멸균탄력붕대,Kukje Elastic bandage(EB) (sterile)
대명탄력붕대,Daemyeong Elastic bandage(EB) 
동방면고무탄력붕대,Dongbang cotton Elastic bandage (EB) rubber
수성탄력붕대-S,SooSung Elastic bandage (EB)-S
우진위생고무탄력붕대,Woojinliving Elastic bandage (EB) rubber
큐앤큐멸균탄력붕대,QnQ Elastic bandage(EB) (sterile)
동서메디칼고무탄력붕대,Dongseo medical Elastic bandage (EB) rubber
바투코리아탄력붕대,VatuKOREA Elastic bandage (EB) 
킹파고무탄력붕대,Kingfargo Elastic bandage (EB) rubber
두원 탄력밴드,Doowon Elastic band
협성탄력붕대에이,Hyupsung Elastic bandage (EB)-A
승원탄력밴드,Seungwon Elastic band
킴스뉴탄력붕대,Kim new Elastic bandage (EB)
라온탄력붕대,Raon Elastic bandage (EB)
수성멸균탄력붕대에스,SooSung Elastic bandage (EB)-S (sterile)
문정탄력붕대,Munjeong Elastic bandage (EB)
동서면고무탄력붕대,Dongseo cotton Elastic bandage (EB) rubber
성십자탄력붕대에이,Sungsipja Elastic bandage (EB)-A
대한멸균탄력붕대,Daehan Elastic bandage (EB) (sterile)
수성멸균탄력붕대,SooSung Elastic bandage (EB) (sterile)
큐앤큐멸균탄력붕대에이,QnQ Elastic bandage (EB)-A (sterile)
두원 탄력붕대,Doowon Elastic bandage (EB)
협성멸균탄력붕대에이,Hyupsung Elastic bandage (EB)-A (sterile)
대한위재멸균고무탄력붕대,Daehan wejae Elastic bandage (EB) rubber
수성고무탄력붕대,SooSung Elastic bandage (EB) rubber
큐앤큐탄력붕대에이,QnQ Elastic bandage (EB)-A 
협성탄력붕대알,Hyupsung Elastic bandage (EB)-R
대한위재신축성탄력붕대,Daehan wejae Flexible elastic bandage (FEB)
수성탄력붕대,SooSung Elastic bandage (EB)
협성멸균탄력붕대알,Hyupsung Elastic bandage (EB)-R (sterile)
대한위재탄력붕대-에스,Daehan wejae Elastic bandage (EB)-S
탄력붕대-엔,Elastic bandage(EB)-N
대한위재멸균탄력붕대,Daehan wejae Elastic bandage (EB) (sterile)
킹파탄력붕대에스,Kingphar Elastic bandage(EB)-S
킹파탄력붕대알,Kingphar Elastic bandage(EB)-R
킹파멸균탄력붕대알,Kingphar Elastic bandage(EB)-R (sterile)
수성 포비스 멸균 밴드 S,SooSung Povis band S (sterile)
선일탄력붕대,Sunil Elastic bandage(EB)
선진탄력붕대,Sunjin Elastic bandage(EB)
에이스탄력붕대,ACE Elastic bandage(EB)
"BMK-탄력밴드 4""","BMK-Elastic band 4"""
"BMK-탄력밴드 3""","BMK-Elastic band 3"""
"BMK-탄력밴드 2""","BMK-Elastic band 2"""
옥스탄력붕대,AUX Elastic bandage(EB)
네모아탄력붕대씨,Naemoa Elastic bandage(EB)
태명 엘라밴드,TaeMyoung Ela band
수성픽스밴드,SooSung Fix band
수성멸균픽스밴드,SooSung Fix band (sterile)
수성 픽스밴드,SooSung Fix band
비엠케이탄력붕대,BMK Elastic bandage(EB)
MEDI ARMSLEEVE CCL1(손목-어깨),MEDI ARMSLEEVE CCL1(wrist-shoulder)
MEDI ARMSLEEVE CCL1(손등-어깨),MEDI ARMSLEEVE CCL1(back of one's hand-shoulder)
MEDI ARMSLEEVE CCL2(손목-어깨),MEDI ARMSLEEVE CCL2(wrist-shoulder)
MEDI ARMSLEEVE CCL2(손등-어깨),MEDI ARMSLEEVE CCL2(back of one's hand-shoulder)
MEDI ARMSLEEVE CCL2(손등-어깨끈),MEDI ARMSLEEVE CCL2(back of one's hand-shoulder strap)
MEDI HANDPIECE CCL2(장갑형),MEDI HANDPIECE CCL2(glove-type)
압박스타킹,Compression Tights (pantyhose)
ONENESS(상지),ONENESS(upper extremity)
탄력밴드,Elastic band
TROMBOCARE ARM SLEEVE(상지),TROMBOCARE ARM SLEEVE(upper extremity)
TXG COMPRESSION WEAR(상지),TXG COMPRESSION WEAR(upper extremity)
부종예방스타킹 KNEE LENTH,Edema prevention Tights KNEE LENTH
MEDIVEN THROMBEXIN 18(무릎형),MEDIVEN THROMBEXIN 18(knee type)
MEDIVEN THROMBEXIN 18(허벅지형),MEDIVEN THROMBEXIN 18(thigh type)
DUOMED (무릎형),DUOMED (knee type)
DUOMED (허벅지형),DUOMED (thigh type)
DUOMED (팬티형),DUOMED (panties type)
MEDIVEN PLUS (무릎형),MEDIVEN PLUS (knee type)
MEDIVEN PLUS (허벅지형),MEDIVEN PLUS (thigh type)
MEDIVEN PLUS (한쪽벨트형),MEDIVEN PLUS (one side thigh type)
MEDIVEN PLUS (한쪽팬티형),MEDIVEN PLUS (one side thigh type)
MEDIVEN PLUS (팬티형),MEDIVEN PLUS (panties)
BCSM 압박밴드,BCSM Compression band
ONENESS(하지),ONENESS(lower extremity)
의료용 압박스타킹,Medical Compression Tights (pantyhose)
DOKTUS COMPRESSION STOCKINGS (한쪽다리밸트형 KKL3),DOKTUS COMPRESSION Tights (One leg-belt type KKL3)
압박용밴드,Compression band
GLORIAMED 압박스타킹,GLORIAMED Compression Tights
튼튼렉,REX Medical Compression Tights (durable material)?
종아리 밴드,Compression calf sleeve & Leg stocking
탄력밴드/압박용밴드,Elastic band/Compression band
탄력 스타킹아대,Elastic stockings sweatband
압박밴드,Compression band
압박용 밴드,Compression band
압박 스타킹,Compression Tights (pantyhose)
압박용밴드(MAXIS COTTON COMFORT),Compression band (MAXIS COTTON COMFORT)
MEMORY CARE CONCEPT(허벅지밴드형),MEMORY CARE CONCEPT(thigh band type)
MEMORY CARE CONCEPT(무릎형),MEMORY CARE CONCEPT(knee type)
MAXIS BRILLANT(무릎형),MAXIS BRILLANT(knee type)
MAXIS BRILLANT(허벅지밴드형),MAXIS BRILLANT(thigh band type)
MAXIS BRILLANT(팬티형),MAXIS BRILLANT(panties type)
TXG COMPRESSION WEAR(하지),TXG COMPRESSION WEAR(lower extremity)
압박용밴드[ANTI-EMBOLISM STOCKINGS(H51)],Compression band[ANTI-EMBOLISM STOCKINGS(H51)]
압박용밴드[ART T62-AG],Compression band[ART T62-AG]
TROMBOCARE STOCKING(하지),TROMBOCARE STOCKING(lower extremity)
산콤 압박용 삭스,Sankom Compression socks
CIRONA DVT GARMENT(허벅지),CIRONA DVT GARMENT(thigh type)
DVT-7700 SLEEVE(허벅지),DVT-7700 SLEEVE(thigh type)
CIRONA DVT GARMENT(종아리),CIRONA DVT GARMENT(calf sleeve & Leg )
DVT-7700 SLEEVE(종아리),DVT-7700 SLEEVE(calf sleeve & Leg )
DVT-7700 SLEEVE(발),DVT-7700 SLEEVE(Leg )
하나로복대,Hanaro bellly band
수성복대,SooSung belly band
비엠씨복대,BMC belly band
명진복대,Myeongjin belly band
두원복대,Doowon belly band
건강누리복대,Healthnuri belly band
건강복대,Health belly band
문정복대,Munjeong belly band
득진복대,Deukjin belly band
두원셀텍복대,Doowon belly band
문정복대(수입),Munjeong belly band (imported)
깁스밴드스프린트,plaster bandage Splint
"ALTOSPLINT 알파 ROLL 2""","ALTOSPLINT alpha ROLL 2 """
"ALTOSPLINT 알파 ROLL 3""","ALTOSPLINT alpha ROLL 3 """
"ALTOSPLINT 알파 ROLL 4""","ALTOSPLINT alpha ROLL 4 """
"ALTOSPLINT 알파 ROLL 5""","ALTOSPLINT alpha ROLL 5 """
"ALTOSPLINT 알파 ROLL 6""","ALTOSPLINT alpha ROLL 6 """
웨이브스프린트,Waves Splint
ALTOSPLINT 알파 210,ALTOSPLINT alpha 210
파이카치 ONE STEP SPLINT F,Pycacci ONE STEP SPLINT F
파이카치 ONE STEP SPLINT B,Pycacci ONE STEP SPLINT B
ALTOSPLINT 알파 312,ALTOSPLINT Alpha 312
ALTOSPLINT 알파 335,ALTOSPLINT Alpha 335
ALTOSPLINT 알파 415,ALTOSPLINT Alpha 415
파이카치 ONE STEP SPLINT PB,Pycacci ONE STEP SPLINT PB
ALTOSPLINT 알파 430,ALTOSPLINT Alpha 430
ALTOSPLINT 알파 530,ALTOSPLINT alpha 530
ALTOSPLINT 알파 545,ALTOSPLINT Alpha 545
ALTOSPLINT 알파 630,ALTOSPLINT Alpha 630
ALTOSPLINT 알파 645,ALTOSPLINT Alpha 645
파이카치 ROLL SPLINT F,Pycacci ROLL SPLINT F
파이카치 ROLL SPLINT B,Pycacci ROLL SPLINT B
파이카치 ROLL SPLINT PF,Pycacci ROLL SPLINT PF
파이카치 ROLL SPLINT P,Pycacci ROLL SPLINT P
파이카치 CAST SF,Pycacci CAST SF
"ALTOCAST 알파 2""","ALTOCAST alpha 2"""
파이카치 CAST SP,Pycacci CAST SP
파이카치 CAST PF,Pycacci CAST PF
덕인라이트소프트,Duck-in light soft
"ALTOCAST 알파 3""","ALTOCAST alpha 3"""
"ALTOCAST 알파 4""","ALTOCAST alpha 4"""
"ALTOCAST 알파 5""","ALTOCAST alpha 5"""
"ALL SILICONE SENGSTAKEN-BLAKEMORE TUBE (식도, 위용)","ALL SILICONE SENGSTAKEN-BLAKEMORE TUBE (esophageal, gastrointestinal organs)"
POUCH BAG (수입),POUCH BAG (imported)
COLOSTOMY BAG (수입),COLOSTOMY BAG (imported)
누용낭,Ostomy bag
장루용 복대,Stoma belt
OSTOMY ABDOMINAL BINDER (장루용 복대),OSTOMY ABDOMINAL BINDER
ELAST 9901-01 (장루용 복대),ELAST 9901-01 (Stoma belt)
MAHURKAR ELITE ACUTE GUIDE WIRE(DUAL용),MAHURKAR ELITE ACUTE GUIDE WIRE(DUAL type)
MAHURKAR ELITE ACUTE GUIDE WIRE(TRIPLE용),MAHURKAR ELITE ACUTE GUIDE WIRE(TRIPLE type)
ADSORBA 150C/300C (BLOOD LINE 포함),ADSORBA 150C/300C (include BLOOD LINE)
BESTALOY (파우더),BESTALOY (powder)
하이-베라로이 산,High-Veraroy powder
하이-아리스타로이21 산,High-Arista Roy 21 powder
하이-아리스타로이21 정,High-Arista Roy 22 tablet
하이-아리스타로이 산,High-Arista Roy powder
하이-아리스타로이 정,High-Arista Roy tablet
엘지알로이 산,LG Alloy powder
엘지알로이 정,LG Alloy tablet
티앤알덴탈메쉬플러스 / LT6,TnR dental mesh plus+ / LT6
티앤알덴탈메쉬,TnR dental mesh 
DAMOOLBIO RBM 고정체,DAMOOLBIO RBM Stationary
치과용임플란트고정체(LUNA RBM FIXTURE),Dental Implant Fixture(LUNA RBM FIXTURE)
치과용임플란트고정체(SOLA RBM FIXTURE),Dental Implant Fixture(SOLA RBM FIXTURE)
치과용임플란트고정체,Dental Implant Fixture
UI 임플란트,UI Implant
치과용임플란트고정체(SOLA S&E FIXTURE),Dental Implant Fixture(SOLA S&E FIXTURE)
치과용임플란트고정체(STELLA S&E FIXTURE),Dental Implant Fixture(STELLA S&E FIXTURE)
치과용임플란트고정체(LUNA S&E FIXTURE),Dental Implant Fixture(LUNA S&E FIXTURE)
치과용임플란트고정체(SLA),Dental Implant Fixture(SLA)
짐머 TSV 치과임플란트고정체 (HA),Zimmer TSV Dental Implant Fixture(SLA)
SOLID ABUTMENT 나사일체형,SOLID ABUTMENT Integrated screw
치과용임플란트 상부구조물(LUNA SIMPLE ABUTMENT),Dental Implant upper structure (LUNA SIMPLE ABUTMENT)
치과용임플란트 상부구조물(STELLA EXCELLENT SIMPLE ABUTMENT),Dental Implant upper structure (STELLA EXCELLENT SIMPLE ABUTMENT)
치과용임플란트 상부구조물(STELLA SIMPLE ABUTMENT),Dental Implant upper structure (STELLA SIMPLE ABUTMENT)
MAGIC ABUTCORE(일체형),MAGIC ABUTCORE(Integrated type)
BC ABUTMENT(STRAIGHT형),BC ABUTMENT(STRAIGHT type)
ABSOLUTE ABUTMENT(SUB 전해착색),ABSOLUTE ABUTMENT(SUB Electrolytically Coloured)
치과용임플란트상부구조물 ONE PIECE ABUTMENT,Dental Implant upper structure ONE PIECE ABUTMENT
BC ABUTMENT(ANGLED형),BC ABUTMENT(ANGLED type)
DAMOOLBIO CEMENTED 지대주,DAMOOLBIO CEMENTED abutment post
CEMENTED ABUTMENT 나사분리형,CEMENTED ABUTMENT Screw separation type
치과용임플란트 상부구조물(LUNA CONTOUR ABUTMENT),Dental Implant upper structure(LUNA CONTOUR ABUTMENT)
치과용임플란트 상부구조물(LUNA DUO ABUTMENT),Dental Implant upper structure(LUNA DUO ABUTMENT)
치과용임플란트 상부구조물(SOLA EXTERNAL CONTOUR ABUTMENT),Dental Implant upper structure(SOLA EXTERNAL CONTOUR ABUTMENT)
치과용임플란트 상부구조물(SOLA EXTERNAL ESTHETIC ABUTMENT),Dental Implant upper structure (SOLA EXTERNAL ESTHETIC ABUTMENT)
치과용임플란트 상부구조물(STELLA CONTOUR ABUTMENT),Dental Implant upper structure(STELLA CONTOUR ABUTMENT)
치과용임플란트 상부구조물(STELLA DUO ABUTMENT),Dental Implant upper structure(STELLA DUO ABUTMENT)
"SUBMERGED TYPE ABUTMENT,치과용임플란트상부구조물","SUBMERGED TYPE ABUTMENT,Dental Implant upper structure"
MAGIC ABUTCORE(분리형),MAGIC ABUTCORE(separation type)
CEMENTED ABUTMENT(SUB 전해착색),CEMENTED ABUTMENT(SUB Electrolytically Coloured)
"RESTORE ABUTMENT SYSTEM

(STRAIGHT형)",RESTORE ABUTMENT SYSTEM (STRAIGHT type)
치과용임플란트상부구조물 TWO PIECE ABUTMENT,Dental Implant upper structure TWO PIECE ABUTMENT
DAMOOLBIO ANGLED 지대주,DAMOOLBIO ANGLED abutment post
ANGLED ABUTMENT 나사분리형,ANGLED ABUTMENT Screw separation type
ANGLED ABUTMENT 나사분리형-(AR),ANGLED ABUTMENT Screw separation type-(AR)
치과용임플란트 상부구조물(LUNA ANGLED ABUTMENT),Dental Implant upper structure(LUNA ANGLED ABUTMENT)
치과용임플란트 상부구조물(SOLA EXTERNAL ANGLED ABUTMENT),Dental Implant upper structure(SOLA EXTERNAL ANGLED ABUTMENT)
치과용임플란트 상부구조물(STELLA ANGLED ABUTMENT),Dental Implant upper structure(STELLA ANGLED ABUTMENT)
ANGULATED ABUTMENT(SUB 전해착색),ANGULATED ABUTMENT(SUB Electrolytically Coloured)
"RESTORE ABUTMENT SYSTEM

(ANGLED형)","RESTORE ABUTMENT SYSTEM

(ANGLED형)"
치과용임플란트상부구조물 ANGLED ABUTMENT,Dental Implant upper structure ANGLED ABUTMENT
일회용SPO2 SENSOR,disposable SPO2 SENSOR
탄산가스흡수제,carbon?dioxide absorbent
의료용캡슐내시경,Capsule endoscope for medical use
MARQUEE DISPOSABLE CORE BIOPSY INSTRUMENT KIT (동축 생검 캐뉼러),MARQUEE DISPOSABLE CORE BIOPSY INSTRUMENT KIT (coaxial Biopsy cannula)
양수천자침,?amniocentesis needle
직장용 튜브·카테터,rectum tube·catheter
직장괄약근풍선,rectal?sphincter pressure-regulating balloon
신생아용 BP CUFF,neonatal BP CUFF
HIGH FLOW WARMING SET(급속및가온주입용),HIGH FLOW WARMING SET(Rapid Infusion System)
수액세트(REGULATOR),Intravenous injection sets (REGULATOR)
IV FLOW REGULATOR-차광용,IV FLOW REGULATOR-light blocking type
수액연장 REGULATOR,Intravenous injection extension sets REGULATOR
차광용 AUTOFLOW,light blocking type AUTOFLOW
일회용수액세트,disposable Intravenous injection sets 
G FINE 수액세트,G FINE Intravenous injection sets 
수액세트 MF+I.V SET,Intravenous injection sets MF+I.V SET
수액세트 MF++ I.V SET,Intravenous injection sets MF++ I.V SET
차광용 AUTOFLOW PVC,light blocking type AUTOFLOW PVC
약물비흡착 NON-PVC 폴리올레핀 수액세트(FLOW REGULATOR),Drug non-Absorption NON-PVC Polyolefin Intravenous injection sets(FLOW REGULATOR)
수액세트,Intravenous injection sets
약물비흡착 NON-PVC 폴리올레핀 연결세트,Drug non-Absorption NON-PVC Polyolefin connection set
약물비흡착 NON-PVC 폴리올레핀 FLOW REGULATOR,Drug non-Absorption NON-PVC Polyolefin FLOW REGULATOR
INFU-PRO(FLOW REGULATOR)-차광용,INFU-PRO(FLOW REGULATOR)-light blocking type
솝션프리(SORPTION-FREE) 수액유량조절세트,SORPTION-FREE Intravenous injection control sets
차광용 AUTOFLOW PU,light blocking type AUTOFLOW PU
차광용 AUTOFLOW PE,light blocking type AUTOFLOW PE
혈관접속용 기구,Male Luer Lock Injection Port Cap
솝션프리(SORPTION-FREE) 역류방지밸브,SORPTION-FREE refluent prevention valve
도은메딕스-VALVE,Doeun medics-VALVE
3-WAY EXTENSION TUBE(역류방지),3-WAY EXTENSION TUBE(refluent prevention)
PRESSURE LINE 역류방지형,PRESSURE LINE gerd prevention type
MINIMUM VOLUME LINE 역류방지형,MINIMUM VOLUME LINE refluent prevention type
역류방지용 IV SET,refluent prevention type IV SET
유량조절필터체크밸브 I.V,Intravenous injection control valve (filter)
유량조절필터체크밸브 I.V(V),Intravenous injection control valve (filter) (V)
약물비흡착NON-PVC폴리올레핀필터,Drug non-Absorption NON-PVC polyolefin filter
수액 FILTER,Intravenous injection FILTER
솝션프리(SORPTION-FREE) 수액필터세트(0.2㎛),SORPTION-FREE Intravenous injection FILTER sets (0.2㎛)
수액 FILTER MF++,Intravenous injection FILTER MF++
항암제용 필터,antitumor agent type filter
차광용 INFUSION PUMP FILTER,light blocking type INFUSION PUMP FILTER
차광용 FILTER PE,light blocking type FILTER PE
MINI VOLUME EXTENSION LINE(의약품주입여과기),MINI VOLUME EXTENSION LINE(Infusion Filter)
솝션프리(SORPTION-FREE) 수액필터세트(1.2㎛),SORPTION-FREE Intravenous injection FILTER sets (1.2㎛)
차광용 FILTER PU,light blocking type FILTER PU
차광용 FILTER PVC,light blocking type FILTER PVC
솝션프리(SORPTION-FREE) NEEDLELESS CONNECTOR,SORPTION-FREE NEEDLELESS CONNECTOR
의료용개창기구,The wound retractor
흡수성 체내용 지혈용품,sorbent internal hemostasis
페이스쉴드,Face Shield
안면보호구 FACE SHIELD,face mask FACE SHIELD
수술용 방호 후드,surgery-used protective clothing
수술용 방호 후드 E-13,surgery-used protective clothing E-13
WARM AIR 135 BLANKET-전신형,WARM AIR 135 BLANKET-general
EQUATOR WARMER BLANKET-전신형,EQUATOR WARMER BLANKET-general
3M BAIR HUGGER WARMING BLANKET-전신형,3M BAIR HUGGER WARMING BLANKET-general
MISTRAL AIR PLUS BLANKET-전신형,MISTRAL AIR PLUS BLANKET-general
IOB WARMING AIR BLANKET-전신형,IOB WARMING AIR BLANKET-general
WARMTOUCH AIR BLANKET-전신형,WARMTOUCH AIR BLANKET-general
WARM AIR 135 BLANKET-부분형,WARM AIR 135 BLANKET-aliquot
EQUATOR WARMER BLANKET-부분형,EQUATOR WARMER BLANKET-aliquot
3M BAIR HUGGER WARMING BLANKET-부분형,3M BAIR HUGGER WARMING BLANKET-aliquot
MISTRAL AIR PLUS BLANKET-부분형,MISTRAL AIR PLUS BLANKET-aliquot
IOB WARMING AIR BLANKET-부분형,IOB WARMING AIR BLANKET-aliquot
WARMTOUCH AIR BLANKET-부분형,WARMTOUCH AIR BLANKET-aliquot
일회용손조절식전기수술기용전극,"Electrosurgical system electrode, hand-controlled, general-purpose, single-use"
일회용전기수술기용전극,"Electrosurgical system electrode, general-purpose, single-use"
1회용 환자 부착패드,Disposable Electrosurgical Plate for Patient
유니온메디칼 체외형의료용전극,"PROTENS TENS Electrodes (Unionmedical Co., Ltd)"
에이폼컴포트,AIDFoam COMFORT
메디터치에이치,MediTouch H
가드폼점착성드레싱,GUARD FORM  dressing(Non-adhesive type)
리젠스타에이(REGENSTA A),REGENSTA A
메디터치보더라이트,MediTouch Border lite
알지덤,Algi Derm
에즈라셀플렉스,Inntees flex-band
골드덤,Gold Derm
맥스덤 (MAXDERM),Max Derm
테라클리어,TheraClear
캐스드레싱 폴리오,Cath dressing poly O 
테라스킨씬,THERA skin thin
라온습윤폼,Raon wetting form
라온더마덤,Raon Derma-Derm
퓨리덤,Fury Derm
자이누컴포케어,ZY-NU Comfocare
레피젤,RepiGel
듀오폼,Duo form
맥스덤(MAXDERM),Maxderm
이지폼실리콘보더,EasyFoam Silicone Border
레노폼 라이트 / 이지폼 실리콘 라이트,RenoFoam lite / EasyFoam Silicone lite
HIGHSCAR GEL(하이스카겔),HIGHSCAR GEL
쓰리엠테가솝틴하이드로콜로이드밴드,3M Tegasorb Thin Hydrocolloid Band
네오덤,NeoDerm
네오덤 울트라신,NeoDerm ultrathin
엑스팟하이드로콜로이드드레싱,X-pot hydro colloid Dressing
원에이드케어폼-유,ONE AID care form-U
"써지폼픽스, 써지폼뷰, 써지폼밴드","Surgiform fix, Surgiform view, Surgiform band "
써지폼,Surgiform 
써지폼밴드,Surgiform band
"써지폼픽스, 써지폼뷰","Surgiform fix, Surgiform view"
레노덤(RENODERM),Renoderm
레노덤,Renoderm
리젠스타비(REGENSTA B),REGENSTA B
테라스킨에스,Teraskin S
메디터치에이치플러스,MediTouch H plus+
아리노,AriNo
엠디덤플러스,AIDerm plus+
리젠스타에이치(REGENSTA H),REGENSTA H
엘라밴드하이드로도트,Ela band hydro dot
엘라밴드 습윤밴드,Ela band (wetting type)
레노케어 STANDARD하이드로콜로이드드레싱,RenoCare STANDARD Hydrocolloid Dressing
레노케어 THIN하이드로콜로이드드레싱,RenoCare THIN Hydrocolloid Dressing
레노케어 BAND하이드로콜로이드드레싱,RenoCare BAND Hydrocolloid Dressing
레노케어 하이드로콜로이드 THIN,RenoCare Hydrocolloid THIN
레노케어하이드로콜로이드드레싱,RenoCare Hydrocolloid Dressing
레노케어 B,RenoCare B
레노케어프리미엄/젠스팟,RenoCare premium/zen spot
메디터치친수성드레싱,MediTouch Dressing (Hydrophilic type)
피에스폼덱스,PS formdex
이지폼 보더,EasyFoam Border
라온튜브드레싱폼,Raon tube Dressing form
메디터치비친수성드레싱,MediTouch Dressing (Hydrophilic type)
큐어폼,Cureform
에이폼,A form
이지폼실리콘힐,EasyFoam Silicone heel
폼가드,Foam guard
레노케어알지네이트,RenoCare Alginate
레노케어알러네이트,RenoCare Alginate
영가드폼드레싱,Young guard form Dressing
오알폼드레싱,OR form Dressing
네오덤 에스티,NeoDerm ST
신신실리폼,Shinshin silicone foam
알지패드,Algi Pad
MEDIFOAM B(MEDIFOAM T타입 포함),MEDIFOAM B(including MEDIFOAM T type)
메디폼에프점착성드레싱,MEDIFOAM F Adhesive dressing
메디폼에이디드레싱,MEDIFOAM AD dressing
메디로이드드레싱,Mediroid Dressing
베타폼 ADF(BETAFOAM ADF),BETA foam ADF (BETAFOAM ADF)
메디폼에이(MEDIFOAM A),BETA foam A (MEDIFOAM A)
베타폼 T(BETAFOAM T),BETA foam T (BETAFOAM T)
베타폼(BETAFOAM),BETA foam (BETAFOAM)
메디터치에프점착성드레싱,MediTouch F Adhesive dressing
신신하이드로밴드에이,Shinshin Hydrocolloid Band A
메디폼 AD (MEDIFOAM AD),MEDIFOAM AD
에즈라셀에이지,Inntees AGE
바이오씰,Bioseal
메피렉스,Mepilex
메피렉스 라이트,Mepilex lite
메피렉스 보더,Mepilex border
메피렉스보더라이트,Mepilex border lite
큐앤큐메딕스에이폼,QnQ Medics A form
케어폼A,Careform A
메디터치에이디,MediTouch AD
테라솝씨친수성드레싱,Therasorb Dressing (Hydrophilic type)
테라솝보더,Therasorb border 
테라솝보더 라이트,Therasorb lite
맥스폼에스,MAXFORM S
메디터치넷친수성드레싱,MediTouch Dressing (Hydrophilic type)
맥스폼,MAXFORM
MEDIFOAM NON-ADHESIVE DRESSING (T타입 포함),MEDIFOAM NON-ADHESIVE DRESSING (including T-type)
베타폼 F,BETA foam F
베타폼F,BETA foam F
테라솝알지플러스친수성,Therasorb Algi plus+ (Hydrophilic type)
테라솝알지플러스점착성,Therasorb Algi plus+ (Adhesive type)
테라솝AD,Therasorb AD
텍솝,Texsorb
테라솝넷친수성드레싱,Therasorb Dressing (Hydrophilic type)
메디터치보더,MediTouch border 
레노폼,RenoFoam
레노폼F,RenoFoamF
레노폼A,RenoFoamA
이지폼,EasyFoam
레노폼FA,RenoFoamFA
이지폼 HEEL,EasyFoam HEEL
이지폼플러스,EasyFoam plus+
레노폼에스비,RenoFoam SB
레노폼에스,RenoFoam S
와이엔케이폼드레싱,YnK form Dressing
메디터치 핸드,MediTouch hand
번실드드레싱,Burnshield Dressing
번실드 하이드로젤,Burnshield hydrogel 
레노폼 힐에이,RenoFoam heel A
가드젤드레싱,GUARD GEL Dressing
테라솝실버 F,Therasorb silver F
메디터치실버NET,MediTouch silver NET
가드폼친수성드레싱,GUARD FORM Dressing (Hydrophilic type)
테라솝실버 NET,Therasorb silver NET
메디폼실버,MEDIFOAM silver
메디터치실버F,MediTouch silver F
뉴어덤드레싱,Newer-Derm Dressing
뉴어덤폼,Newer-Derm form
PREVENA INCISION MANAGEMENT SYSTEM 흡인통,PREVENA INCISION MANAGEMENT SYSTEM suction
ARCTICGEL PAD(일반용),ARCTICGEL PAD(General type)
ARCTICGEL PAD(신생아용),ARCTICGEL PAD(neonatal type)
KOOL KIT(일반용),KOOL KIT(General type)
CUREWRAP(일반용),CUREWRAP(General type)
KOOL KIT(신생아용),KOOL KIT(neonatal type )
CUREWRAP(신생아용),CUREWRAP(neonatal)
이지 홀더,Easy Holder
의료기구용클립,"Line Fix Long, Line Fix Nose, Line Fix Short"
워크 ETH,work ETH
덕후 엔도홀더,Deokhu Endo-Holder
덕후 엔도픽스,Deokhu Endo-Fix
의료용개공기구,Disposable Vaginal Speculum
일회용부항컵,Disposable Cups
일회용 부항컵,Disposable Cups
복직근막,rectus abdominis fascia
측두근막,temporal fascia
BELLACELL HD GRAFT(벨라셀 에이치디 그라프트),BELLACELL HD GRAFT
HEART VESSEL AORTIC ARCH(CONDUIT포함),HEART VESSEL AORTIC ARCH(including CONDUIT)
HEART VESSEL PULMONARY ARTERY(CONDUIT포함),HEART VESSEL PULMONARY ARTERY(including CONDUIT)
DUCLIP(듀클립),DUCLIP
헤리드레싱(부직포),Heli Dressing non-woven fabric
베나엔,Benaen
BCSM 압박밴드 상지,BCSM Compression band (upper extremity)
JS 압박스타킹,JS Compression Tights (pantyhose)
신생아전용 혈압검사용 커프,Cuff for blood-pressure measurement (neonatal type)
혈압검사용 커프,Cuff for blood-pressure measurement
레노덤썬프로텍션,Renoderm sun prodection
